{"cameraMode":{"drawMode":0,"name":"Shaded","section":"Shading Mode"},"sceneLighting":false,"audioPlay":false,"sceneViewState":{"showFog":true,"showMaterialUpdate":false,"showSkybox":true,"showFlares":true,"showImageEffects":true,"showParticleSystems":true},"in2DMode":false,"pivot":{"x":1.5732779502868653,"y":-2.428629159927368,"z":2.252227783203125},"rotation":{"x":-0.48034682869911196,"y":-0.027096545323729516,"z":0.014849088154733181,"w":-0.8765342831611633},"size":60.78203201293945,"orthographic":false}