{"cameraMode":{"drawMode":0,"name":"Shaded","section":"Shading Mode"},"sceneLighting":false,"audioPlay":false,"sceneViewState":{"showFog":true,"showMaterialUpdate":false,"showSkybox":true,"showFlares":true,"showImageEffects":true,"showParticleSystems":true},"in2DMode":false,"pivot":{"x":0.8998284935951233,"y":-1.0737543106079102,"z":-0.5424418449401856},"rotation":{"x":-0.4331758916378021,"y":0.051863860338926318,"z":-0.024977101013064386,"w":-0.8994693160057068},"size":7.362061500549316,"orthographic":false}